patient_id,name,age,gender,diagnosis,room,hr,spo2,sbp,rr,risk_score,risk_level,news2_score,combined_flag_count,trend_severity,alert
ICU-0105,Marc Moore,79,F,Pulmonary embolism,4J,130.8,83.7,105.1,26.7,0.8582,HIGH,9,6,27.032,1
ICU-0630,Rhonda Chavez,36,F,Pneumonia,3G,106.8,90.0,98.0,26.6,0.8576,HIGH,10,7,24.809,1
ICU-0719,Jeffrey Roberson,73,M,Stroke,2H,117.0,88.1,93.5,25.7,0.8563,HIGH,12,7,26.01,1
ICU-0214,Julie Alexander,37,F,GI bleed,2E,120.7,90.1,91.8,31.5,0.8548,HIGH,12,7,25.852,1
ICU-0249,Kimberly Gutierrez,88,M,Sepsis,3B,131.5,84.4,78.0,29.5,0.8541,HIGH,12,7,24.42,1
ICU-0182,Angela Vaughn,70,M,GI bleed,5G,119.7,89.5,116.4,26.0,0.8535,HIGH,9,6,23.181,1
ICU-0549,Pamela Diaz,39,F,Stroke,1B,123.4,88.2,106.2,27.9,0.8531,HIGH,9,6,27.066,1
ICU-0208,Dr. William Warren,91,F,Pulmonary embolism,1J,116.9,86.7,102.1,32.0,0.8524,HIGH,9,6,24.406,1
ICU-0065,Amber Kidd,42,F,Sepsis,4G,105.0,90.5,85.1,28.4,0.8522,HIGH,10,7,26.304,1
ICU-0044,Angelica Tucker,37,M,Pulmonary embolism,3H,109.7,87.4,92.6,26.9,0.8521,HIGH,10,7,27.947,1
ICU-0782,Chelsea Nguyen,54,F,Stroke,3G,108.3,85.0,97.9,33.4,0.8518,HIGH,10,7,28.55,1
ICU-0404,Joann Glass,83,M,GI bleed,4D,133.8,83.9,95.2,35.4,0.8506,HIGH,12,7,27.188,1
ICU-0836,Danielle Watson,72,M,Post-op bowel resection,3J,106.6,88.8,87.0,32.6,0.8499,HIGH,10,7,24.324,1
ICU-0826,Heather Brown,37,M,Sepsis,1G,108.6,90.2,74.9,29.8,0.8496,HIGH,10,7,24.737,1
ICU-0165,John Anderson,76,F,Traumatic brain injury,2I,120.5,87.8,82.1,23.5,0.8495,HIGH,12,7,23.554,1
ICU-0064,Jessica Callahan,78,M,Pneumonia,4J,108.7,88.9,108.2,31.1,0.8491,HIGH,7,6,26.092,1
ICU-0163,Jeffrey Johnson,49,F,Post-cardiac surgery,2G,117.0,89.5,104.3,26.8,0.8489,HIGH,9,6,23.826,1
ICU-0747,Dana Bennett,61,F,Acute renal failure,2H,136.4,89.2,95.0,21.9,0.8474,HIGH,12,7,22.645,1
ICU-0710,Anthony Jones,46,M,Traumatic brain injury,2A,94.2,90.7,100.3,33.1,0.8468,HIGH,7,5,24.36,1
ICU-0790,Jennifer Taylor,62,F,Pneumonia,4A,100.8,88.2,104.6,25.4,0.846,HIGH,7,6,25.964,1
